{"diversity_index": 0.7135661062974212, "gender_parity": 0.75016}