{"role_stereotyping": {"lead": {"distribution": {"female": 1200, "male": 2042, "non-binary": 68}, "chi_square": 1778.5691842900303, "stereotype_score": 1, "dominant_gender": "male"}, "minor": {"distribution": {"female": 1273, "male": 1946, "non-binary": 75}, "chi_square": 1635.936247723133, "stereotype_score": 1, "dominant_gender": "male"}, "support": {"distribution": {"female": 1291, "male": 2038, "non-binary": 67}, "chi_square": 1749.4187279151943, "stereotype_score": 1, "dominant_gender": "male"}}, "dialogue_bias": {"dialogue_female": {"observed": 3384658, "expected": 3596946.6666666665, "bias_score": 12529.092636470668, "percentage": 31.366028965307613}, "dialogue_male": {"observed": 7257449, "expected": 3596946.6666666665, "bias_score": 3725180.9865604844, "percentage": 67.25564460227378}, "dialogue_non-binary": {"observed": 148733, "expected": 3596946.6666666665, "bias_score": 3305630.745424854, "percentage": 1.3783264324186069}}, "age_bias": {"dialogue_30-50": {"observed": 4308679, "expected": 3596946.6666666665, "bias_score": 140831.3665049555, "percentage": 39.92904166867454}, "dialogue_<30": {"observed": 5013638, "expected": 3596946.6666666665, "bias_score": 557977.2290039826, "percentage": 46.46198071697847}, "dialogue_>50": {"observed": 1468523, "expected": 3596946.6666666665, "bias_score": 1259453.565661277, "percentage": 13.608977614346983}}, "racial_dialogue_bias": {"dialogue_asian": {"observed": 601345, "expected": 2158168.0, "bias_score": 1123034.8394235296, "percentage": 5.572735764778275}, "dialogue_black": {"observed": 1411071, "expected": 2158168.0, "bias_score": 258623.94744477724, "percentage": 13.076563084986898}, "dialogue_hispanic": {"observed": 1939279, "expected": 2158168.0, "bias_score": 22200.493344818384, "percentage": 17.971529556549815}, "dialogue_other": {"observed": 321576, "expected": 2158168.0, "bias_score": 1562932.1602692655, "percentage": 2.9800831075245298}, "dialogue_white": {"observed": 6517569, "expected": 2158168.0, "bias_score": 8805791.337282825, "percentage": 60.39908848616048}}, "sentiment_bias": {"female": {"avg_sentiment": 0.5668039014237874, "deviation_from_mean": 0.0003862204203168851}, "male": {"avg_sentiment": 0.5660202185611303, "deviation_from_mean": -0.0003974624423402906}, "non-binary": {"avg_sentiment": 0.5709004191723692, "deviation_from_mean": 0.004482738168898659}}, "screen_time_bias": {"female": {"avg_screen_time": 45.073578103678955, "ratio_vs_overall": 0.8351377722816499}, "male": {"avg_screen_time": 60.16861654685012, "ratio_vs_overall": 1.1148235063260674}, "non-binary": {"avg_screen_time": 35.6249913825952, "ratio_vs_overall": 0.6600713143380369}}}