{"role_stereotyping": {"lead": {"distribution": {"female": 124, "male": 199, "non-binary": 5}, "chi_square": 175.06707317073173, "stereotype_score": 1, "dominant_gender": "male"}, "minor": {"distribution": {"female": 116, "male": 203, "non-binary": 5}, "chi_square": 182.38888888888889, "stereotype_score": 1, "dominant_gender": "male"}, "support": {"distribution": {"female": 131, "male": 209, "non-binary": 8}, "chi_square": 177.05172413793102, "stereotype_score": 1, "dominant_gender": "male"}}, "dialogue_bias": {"dialogue_female": {"observed": 337126, "expected": 358813.6666666667, "bias_score": 1310.8611213557788, "percentage": 31.31857668000383}, "dialogue_male": {"observed": 727823, "expected": 358813.6666666667, "bias_score": 379494.70919570443, "percentage": 67.6138311342656}, "dialogue_non-binary": {"observed": 11492, "expected": 358813.6666666667, "bias_score": 336197.7297486192, "percentage": 1.0675921857305695}}, "age_bias": {"dialogue_30-50": {"observed": 421346, "expected": 358813.6666666667, "bias_score": 10897.83660816833, "percentage": 39.14250757821377}, "dialogue_<30": {"observed": 508927, "expected": 358813.6666666667, "bias_score": 62801.434108635134, "percentage": 47.27867110227128}, "dialogue_>50": {"observed": 146168, "expected": 358813.6666666667, "bias_score": 126021.34130559256, "percentage": 13.578821319514958}}, "racial_dialogue_bias": {"dialogue_asian": {"observed": 53552, "expected": 215288.2, "bias_score": 121505.02624128958, "percentage": 4.974912698420071}, "dialogue_black": {"observed": 160802, "expected": 215288.2, "bias_score": 13789.636359261684, "percentage": 14.938301309593374}, "dialogue_hispanic": {"observed": 179655, "expected": 215288.2, "bias_score": 5897.791621835292, "percentage": 16.689721034408763}, "dialogue_other": {"observed": 35671, "expected": 215288.2, "bias_score": 149856.51111319617, "percentage": 3.313790537521332}, "dialogue_white": {"observed": 646761, "expected": 215288.2, "bias_score": 864742.1323595069, "percentage": 60.08327442005646}}, "sentiment_bias": {"female": {"avg_sentiment": 0.5730777488964981, "deviation_from_mean": 0.008511612623173237}, "male": {"avg_sentiment": 0.5602925245939692, "deviation_from_mean": -0.004273611679355693}, "non-binary": {"avg_sentiment": 0.5341977169893789, "deviation_from_mean": -0.030368419283945958}}, "screen_time_bias": {"female": {"avg_screen_time": 45.75659255906056, "ratio_vs_overall": 0.8463795028717357}, "male": {"avg_screen_time": 59.73373383716375, "ratio_vs_overall": 1.1049207364930855}, "non-binary": {"avg_screen_time": 32.697132944718064, "ratio_vs_overall": 0.604813024295044}}}