{"role_stereotyping": {"lead": {"distribution": {"female": 605, "male": 1008, "non-binary": 36}, "chi_square": 867.7707701637355, "stereotype_score": 1, "dominant_gender": "male"}, "minor": {"distribution": {"female": 605, "male": 1001, "non-binary": 39}, "chi_square": 852.654103343465, "stereotype_score": 1, "dominant_gender": "male"}, "support": {"distribution": {"female": 650, "male": 1024, "non-binary": 32}, "chi_square": 882.6869871043377, "stereotype_score": 1, "dominant_gender": "male"}}, "dialogue_bias": {"dialogue_female": {"observed": 1669202, "expected": 1801723.6666666667, "bias_score": 9747.328328434642, "percentage": 30.881576179551022}, "dialogue_male": {"observed": 3661299, "expected": 1801723.6666666667, "bias_score": 1919284.5630647636, "percentage": 67.73696891365694}, "dialogue_non-binary": {"observed": 74670, "expected": 1801723.6666666667, "bias_score": 1655478.2638033715, "percentage": 1.381454906792033}}, "age_bias": {"dialogue_30-50": {"observed": 2160998, "expected": 1801723.6666666667, "bias_score": 71641.4225889122, "percentage": 39.98019674123168}, "dialogue_<30": {"observed": 2505354, "expected": 1801723.6666666667, "bias_score": 274789.99979100254, "percentage": 46.35105901367413}, "dialogue_>50": {"observed": 738819, "expected": 1801723.6666666667, "bias_score": 627047.505299154, "percentage": 13.668744245094189}}, "racial_dialogue_bias": {"dialogue_asian": {"observed": 299510, "expected": 1081034.2, "bias_score": 564996.0706013185, "percentage": 5.541175293066583}, "dialogue_black": {"observed": 718093, "expected": 1081034.2, "bias_score": 121852.12517554022, "percentage": 13.28529661688779}, "dialogue_hispanic": {"observed": 972692, "expected": 1081034.2, "bias_score": 10858.150741983918, "percentage": 17.99558237842984}, "dialogue_other": {"observed": 154081, "expected": 1081034.2, "bias_score": 794833.5353222311, "percentage": 2.8506221172281134}, "dialogue_white": {"observed": 3260795, "expected": 1081034.2, "bias_score": 4395195.956998067, "percentage": 60.32732359438767}}, "sentiment_bias": {"female": {"avg_sentiment": 0.5679196986187346, "deviation_from_mean": 0.0025804425665638675}, "male": {"avg_sentiment": 0.5634829733713571, "deviation_from_mean": -0.0018562826808136146}, "non-binary": {"avg_sentiment": 0.5731007719129062, "deviation_from_mean": 0.0077615158607354795}}, "screen_time_bias": {"female": {"avg_screen_time": 44.964274387422336, "ratio_vs_overall": 0.831667171149883}, "male": {"avg_screen_time": 60.311268682922986, "ratio_vs_overall": 1.115527891805985}, "non-binary": {"avg_screen_time": 35.219688490787355, "ratio_vs_overall": 0.6514295870435902}}}