{"role_stereotyping": {"lead": {"distribution": {"female": 3023, "male": 5104, "non-binary": 171}, "chi_square": 4434.677512653651, "stereotype_score": 1, "dominant_gender": "male"}, "minor": {"distribution": {"female": 3186, "male": 4945, "non-binary": 176}, "chi_square": 4200.980137233659, "stereotype_score": 1, "dominant_gender": "male"}, "support": {"distribution": {"female": 3168, "male": 5049, "non-binary": 178}, "chi_square": 4312.6744490768315, "stereotype_score": 1, "dominant_gender": "male"}}, "dialogue_bias": {"dialogue_female": {"observed": 8399468, "expected": 8987744.333333334, "bias_score": 38504.549253434685, "percentage": 31.151561090615505}, "dialogue_male": {"observed": 18198873, "expected": 8987744.333333334, "bias_score": 9440065.067184832, "percentage": 67.49514422102128}, "dialogue_non-binary": {"observed": 364892, "expected": 8987744.333333334, "bias_score": 8272774.5254961215, "percentage": 1.3532946883632242}}, "age_bias": {"dialogue_30-50": {"observed": 10792554, "expected": 8987744.333333334, "bias_score": 362419.9590116039, "percentage": 40.026928521516695}, "dialogue_<30": {"observed": 12483963, "expected": 8987744.333333334, "bias_score": 1360023.6624237648, "percentage": 46.29994852620233}, "dialogue_>50": {"observed": 3686716, "expected": 8987744.333333334, "bias_score": 3126579.96807758, "percentage": 13.673122952280984}}, "racial_dialogue_bias": {"dialogue_asian": {"observed": 1585393, "expected": 5392646.6, "bias_score": 2687952.8828595886, "percentage": 5.879832733708158}, "dialogue_black": {"observed": 3577111, "expected": 5392646.6, "bias_score": 611234.1043945581, "percentage": 13.266624962963455}, "dialogue_hispanic": {"observed": 4811635, "expected": 5392646.6, "bias_score": 62599.03612718838, "percentage": 17.845170866564853}, "dialogue_other": {"observed": 777614, "expected": 5392646.6, "bias_score": 3949549.725558274, "percentage": 2.883979083665523}, "dialogue_white": {"observed": 16211480, "expected": 5392646.6, "bias_score": 21704955.80722007, "percentage": 60.12439235309801}}, "sentiment_bias": {"female": {"avg_sentiment": 0.56567113073807, "deviation_from_mean": -0.0018467125001380147}, "male": {"avg_sentiment": 0.5685435608408174, "deviation_from_mean": 0.0010257176026093884}, "non-binary": {"avg_sentiment": 0.5710042027612529, "deviation_from_mean": 0.0034863595230448796}}, "screen_time_bias": {"female": {"avg_screen_time": 44.865327940533355, "ratio_vs_overall": 0.8312609966258225}, "male": {"avg_screen_time": 60.28760168052379, "ratio_vs_overall": 1.1170035784327104}, "non-binary": {"avg_screen_time": 35.03034428338717, "ratio_vs_overall": 0.6490392523097188}}}